name,type,state,latitude,longitude,source,source_url,notes
Mississippi River - St. Louis,river,MO,38.627,-90.18,Natural Earth / USGS context,https://www.usgs.gov/national-hydrography/national-hydrography-dataset,Representative point on major river system.
Mississippi River - Memphis,river,TN,35.149,-90.049,Natural Earth / USGS context,https://www.usgs.gov/national-hydrography/national-hydrography-dataset,Representative point on major river system.
Mississippi River - Baton Rouge,river,LA,30.451,-91.187,Natural Earth / USGS context,https://www.usgs.gov/national-hydrography/national-hydrography-dataset,Representative point on major river system.
Missouri River - Kansas City,river,MO,39.099,-94.578,Natural Earth / USGS context,https://www.usgs.gov/national-hydrography/national-hydrography-dataset,Representative point on major river system.
Missouri River - Omaha,river,NE,41.258,-95.938,Natural Earth / USGS context,https://www.usgs.gov/national-hydrography/national-hydrography-dataset,Representative point on major river system.
Ohio River - Pittsburgh,river,PA,40.441,-80.01,Natural Earth / USGS context,https://www.usgs.gov/national-hydrography/national-hydrography-dataset,Representative point on major river system.
Ohio River - Cincinnati,river,OH,39.103,-84.512,Natural Earth / USGS context,https://www.usgs.gov/national-hydrography/national-hydrography-dataset,Representative point on major river system.
Ohio River - Louisville,river,KY,38.254,-85.759,Natural Earth / USGS context,https://www.usgs.gov/national-hydrography/national-hydrography-dataset,Representative point on major river system.
Tennessee River - Chattanooga,river,TN,35.045,-85.309,Natural Earth / USGS context,https://www.usgs.gov/national-hydrography/national-hydrography-dataset,Representative point on major river system.
Tennessee River - Florence,river,AL,34.799,-87.677,Natural Earth / USGS context,https://www.usgs.gov/national-hydrography/national-hydrography-dataset,Representative point on major river system.
Columbia River - Richland,river,WA,46.276,-119.273,Natural Earth / USGS context,https://www.usgs.gov/national-hydrography/national-hydrography-dataset,Representative point on major river system.
Columbia River - Portland,river,OR,45.56,-122.68,Natural Earth / USGS context,https://www.usgs.gov/national-hydrography/national-hydrography-dataset,Representative point on major river system.
Snake River - Boise region,river,ID,43.188,-112.719,Natural Earth / USGS context,https://www.usgs.gov/national-hydrography/national-hydrography-dataset,Representative point on major river system.
Colorado River - Lake Havasu,river/lake,AZ,34.483,-114.322,Natural Earth / USGS context,https://www.usgs.gov/national-hydrography/national-hydrography-dataset,Representative point on major river and reservoir system.
Colorado River - Austin,river,TX,30.267,-97.743,Natural Earth / USGS context,https://www.usgs.gov/national-hydrography/national-hydrography-dataset,Representative point on Texas Colorado River.
Rio Grande - El Paso,river,TX,31.761,-106.485,Natural Earth / USGS context,https://www.usgs.gov/national-hydrography/national-hydrography-dataset,Representative point on major river system.
Red River - Shreveport,river,LA,32.525,-93.75,Natural Earth / USGS context,https://www.usgs.gov/national-hydrography/national-hydrography-dataset,Representative point on major river system.
Arkansas River - Tulsa,river,OK,36.154,-95.993,Natural Earth / USGS context,https://www.usgs.gov/national-hydrography/national-hydrography-dataset,Representative point on major river system.
Arkansas River - Little Rock,river,AR,34.746,-92.289,Natural Earth / USGS context,https://www.usgs.gov/national-hydrography/national-hydrography-dataset,Representative point on major river system.
Susquehanna River - Harrisburg,river,PA,40.273,-76.887,Natural Earth / USGS context,https://www.usgs.gov/national-hydrography/national-hydrography-dataset,Representative point on major river system.
Potomac River - Northern Virginia,river,VA,38.969,-77.386,Natural Earth / USGS context,https://www.usgs.gov/national-hydrography/national-hydrography-dataset,Representative point on major river system.
James River - Richmond,river,VA,37.54,-77.436,Natural Earth / USGS context,https://www.usgs.gov/national-hydrography/national-hydrography-dataset,Representative point on major river system.
Savannah River - Augusta,river,GA,33.473,-81.967,Natural Earth / USGS context,https://www.usgs.gov/national-hydrography/national-hydrography-dataset,Representative point on major river system.
Chattahoochee River - Atlanta,river,GA,33.809,-84.444,Natural Earth / USGS context,https://www.usgs.gov/national-hydrography/national-hydrography-dataset,Representative point on major river system.
Delaware River - Philadelphia,river,PA,39.952,-75.135,Natural Earth / USGS context,https://www.usgs.gov/national-hydrography/national-hydrography-dataset,Representative point on major river system.
Hudson River - New York,river,NY,40.79,-73.98,Natural Earth / USGS context,https://www.usgs.gov/national-hydrography/national-hydrography-dataset,Representative point on major river system.
Niagara River - Niagara Falls,river,NY,43.081,-79.064,Natural Earth / USGS context,https://www.usgs.gov/national-hydrography/national-hydrography-dataset,Representative point on major river system.
Lake Michigan - Chicago,lake,IL,41.878,-87.6,Natural Earth / USGS context,https://www.naturalearthdata.com/,Representative point on Great Lake shoreline.
Lake Michigan - Milwaukee,lake,WI,43.039,-87.906,Natural Earth / USGS context,https://www.naturalearthdata.com/,Representative point on Great Lake shoreline.
Lake Erie - Cleveland,lake,OH,41.499,-81.694,Natural Earth / USGS context,https://www.naturalearthdata.com/,Representative point on Great Lake shoreline.
Lake Erie - Buffalo,lake,NY,42.886,-78.878,Natural Earth / USGS context,https://www.naturalearthdata.com/,Representative point on Great Lake shoreline.
Lake Ontario - Rochester,lake,NY,43.156,-77.608,Natural Earth / USGS context,https://www.naturalearthdata.com/,Representative point on Great Lake shoreline.
Lake Huron - Saginaw Bay,lake,MI,43.8,-83.85,Natural Earth / USGS context,https://www.naturalearthdata.com/,Representative point on Great Lake shoreline.
Lake Superior - Duluth,lake,MN,46.786,-92.1,Natural Earth / USGS context,https://www.naturalearthdata.com/,Representative point on Great Lake shoreline.
Great Salt Lake,lake,UT,41.169,-112.583,Natural Earth / USGS context,https://www.naturalearthdata.com/,Representative point on major lake.
Lake Mead,reservoir,NV,36.245,-114.396,Natural Earth / USGS context,https://www.naturalearthdata.com/,Representative point on major reservoir.
Lake Powell,reservoir,AZ,36.938,-111.484,Natural Earth / USGS context,https://www.naturalearthdata.com/,Representative point on major reservoir.
Lake Lanier,reservoir,GA,34.204,-83.969,Natural Earth / USGS context,https://www.naturalearthdata.com/,Representative point on major reservoir.
Lake Norman,reservoir,NC,35.489,-80.939,Natural Earth / USGS context,https://www.naturalearthdata.com/,Representative point on major reservoir.
Kerr Reservoir,reservoir,VA,36.599,-78.297,Natural Earth / USGS context,https://www.naturalearthdata.com/,Representative point on major reservoir.
Lake Texoma,reservoir,TX,33.824,-96.571,Natural Earth / USGS context,https://www.naturalearthdata.com/,Representative point on major reservoir.
